date,open,high,low,close,volume,day_of_week,month,week_of_year,is_month_end,return_1,log_return,return_mean_7,return_mean_14,momentum_7,momentum_14,volatility_7,volatility_14,volatility_30,vol_regime,volatility_squeeze,trend_strength,close_lag_1,return_lag_1,close_lag_2,return_lag_2,close_lag_3,return_lag_3,close_lag_7,return_lag_7,close_lag_14,return_lag_14,lag_momentum_1,rsi,rsi_14,rsi_momentum,hl_range,body,high_low_range,close_open_range,buy_pressure,sell_pressure,volume_ma_7,volume_ma_14,volume_change,volume_ratio,mean_20,std_20,z_score_20,bb_upper,bb_lower,bb_width,ema_20,ema_50,ema_diff,ema_ratio,ema20_slope,ema50_slope,resistance_20,support_20,breakout_up_dist,breakout_down_dist,atr_14,trend_conf,mean_conf,breakout_conf,target,time_idx
2026-02-20,67003.73,68318.39,66280.2,68020.01,35351.87091,4,2,8,0,0.01516751380855963,0.015053637111473492,-0.0017408304665585664,-0.0026391839577730343,-0.012111866913682379,-0.036274306725421535,0.014881342829615403,0.018500204747454986,0.041783855815849355,0.35615053189562546,0.35615053189562546,-0.0005398103942876216,67003.73,0.008132980025301773,66461.0,-0.015564435209118136,67503.52,-0.0203665579406587,68853.96,0.038217689464747844,70580.26,0.11504759382534949,-9.850557167809221e-05,41.45531197410541,41.45531197410541,-0.5021012214955483,0.029964564839081505,1016.2799999999988,0.029964564839081505,0.01516751380855937,0.8536054047950103,0.14639459520449905,19685.178534285715,23302.378522857147,1.430973376351615,1.7958623463041383,69773.845,3823.709807014384,-0.4586736673327653,77421.26461402877,62126.42538597123,0.2192059105823581,71190.90010470165,77920.02958812109,-6729.129483419441,0.9136405681698276,-333.77790575806284,-404.0824321682012,79424.0,60000.0,-0.1435836774778387,0.13366683333333101,3354.429944063005,1.0,0.4290025973537448,0.03230545200132055,-0.0006482546691270726,0
2026-02-21,68020.0,68698.7,67534.69,67975.93,8032.84131,5,2,8,0,-0.0006480445974648141,-0.0006482546691270726,-0.0038298686232417687,-0.0013669982695451704,-0.026452906959674505,-0.018956007399691166,0.01324376348533053,0.017932334190324476,0.041769694310076495,0.3170663177458135,0.3170663177458135,-0.0002510488786276852,68020.01,0.015053637111473492,67003.73,0.008132980025301773,66461.0,-0.015564435209118136,69822.95,0.013975012427655345,69289.38,-0.01845885430431717,-0.0003982124619145115,45.21850811769626,45.21850811769626,-1.1961609880927055,0.01712385545883635,44.070000000006985,0.01712385545883635,-0.0006478976771538714,0.3790689083423799,0.6209310916567611,18244.90101714286,20715.047162142855,-0.7727746480391298,0.4402787004682526,69324.231,3442.9556816550994,-0.3916114886937665,76210.1423633102,62438.319636689805,0.1986581391233924,70884.71247568245,77530.06489839086,-6645.352422708413,0.9142867682179994,-306.18762901920127,-389.96468973023,79360.0,60000.0,-0.14344846270161118,0.13293216666666435,3197.9713766299333,1.0,0.3727486466214521,0.02765837648493175,-0.00490388304368946,1
2026-02-22,67975.93,68245.0,67190.0,67643.4,8175.13484,6,2,8,0,-0.004891878639983305,-0.00490388304368946,-0.002489627211622207,-0.002782433180228412,-0.017276411838696215,-0.03820511136154836,0.012460883146679973,0.017320154137922494,0.04173847960278546,0.29854664009615106,0.29854664009615106,-0.0004760694282821495,67975.93,-0.0006482546691270726,68020.01,0.015053637111473492,67003.73,0.008132980025301773,68832.58,-0.014285572925026392,70330.38,0.014912205705875922,1.1199514640197054e-05,39.68629522207016,39.68629522207016,-0.6856367806085659,0.015596495740899843,332.52999999999884,0.015596495740899843,-0.004891878639983211,0.4297630331749426,0.5702369668241095,16228.484268571428,19768.94738785714,0.01771397249225637,0.5037522115254909,68769.4705,2648.379935164897,-0.4251922033722339,74066.2303703298,63472.710629670204,0.15404393350185003,70576.01604942698,77142.35254943436,-6566.336500007383,0.9148802663776625,-308.6964262554684,-387.7123489564983,79186.81,60000.0,-0.1457744035906972,0.12738999999999778,3044.901992584938,1.0,0.4012955486873021,0.0220734018855346,-0.04516857121636174,2
2026-02-23,67643.39,67684.86,63888.79,64656.02,33075.90923,0,2,9,0,-0.04416365824308055,-0.04516857121636174,-0.009066440706025695,-0.0058131080171623705,-0.0614931132491624,-0.07815991331375294,0.020162140177915743,0.020695286668980482,0.042230757020589114,0.47742785407938754,0.47742785407938754,-0.0015758711285256298,67643.4,-0.00490388304368946,67975.93,-0.0006482546691270726,68020.01,0.015053637111473492,68892.43,0.0008691232444626728,70138.0,-0.0027391234992863328,0.0003015550353662432,32.67527365074221,32.67527365074221,-2.009304303052463,0.058711779661042254,2987.3700000000026,0.058711779661042254,-0.04416351693787018,0.20211165758265623,0.7978883424170803,18737.076252857143,20049.174588571426,3.045916046321751,1.7652652304787741,68213.761,2236.0476155364813,-1.5910846331171815,72685.85623107296,63741.665768927036,0.13112003107621928,70012.2069018625,76652.69244945655,-6640.485547594042,0.91336918071112,-563.809147564476,-489.66009997781657,76971.52,60000.0,-0.1600007379352759,0.077600333333332,3098.5568502574424,1.0,0.9203154678185379,0.018440519269677526,-0.009289953077215952,3
2026-02-24,64656.01,65026.75,62510.28,64058.15,23102.83622,1,2,9,0,-0.009246934778849636,-0.009289953077215952,-0.007484068582676731,-0.0051437461203362395,-0.0510398568845003,-0.06948068521086681,0.019552925513547016,0.02039717280154775,0.04208907960103297,0.46456052815435317,0.46456052815435317,-0.0013585506625582865,64656.02,-0.04516857121636174,67643.4,-0.00490388304368946,67975.93,-0.0006482546691270726,67503.52,-0.0203665579406587,68841.29,-0.01866101963278177,0.0023053974105604626,34.185269288878445,34.185269288878445,-1.7448112520624592,0.039284150416456956,597.8600000000006,0.039284150416456956,-0.009246781544360552,0.6150957492039988,0.38490425079560386,19681.90011142857,20244.107838571428,-0.3015207515733044,1.1738112727532766,67758.37700000001,2097.5787231123763,-1.764046783668679,71953.53444622476,63563.219553775256,0.12382697555535278,69445.15386358989,76158.78882398766,-6713.634960397772,0.9118468785537711,-567.0530382726138,-493.90362546888355,73341.18,60000.0,-0.12657322939172597,0.06763583333333223,3056.9792180961967,1.0,0.9429532658551683,0.045796570304172377,0.059540542765822574,4
2026-02-25,64058.15,69988.83,63913.27,67988.04,30749.99259,2,2,9,0,0.06134879012272432,0.059540542765822574,0.003245213985171943,0.0009577360014706235,0.022976482448353153,0.013498598442634346,0.031398208673649924,0.02578228939243255,0.043672226447087834,0.7189513910571931,0.7189513910571931,0.0004238318107036391,64058.15,-0.009289953077215952,64656.02,-0.04516857121636174,67643.4,-0.00490388304368946,66461.0,-0.015564435209118136,67082.52,-0.02588020693947351,-0.0002134504438246767,52.61808744764015,52.61808744764015,1.2089785627066152,0.08936218782009182,3929.889999999992,0.08936218782009182,0.06134879012272335,0.6706822087180971,0.32931779128173816,21861.550711428572,20389.23259357143,0.3310050894694867,1.40657874621508,68012.28600000001,1759.9659967122163,-0.01377640252442024,71532.21799342443,64492.35400657557,0.10350870998291038,69306.38111467657,75838.36730147834,-6531.986186801776,0.913869635921403,-138.7727489133249,-320.4215225093212,72271.41,60000.0,-0.059267834957142114,0.13313399999999767,3272.5921310893264,1.0,0.01377553105280179,0.21267741082952601,-0.007423789136971464,5
2026-02-26,67988.04,68860.0,66500.0,67485.18,20737.77792,3,2,9,0,-0.007396300878801609,-0.007423789136971464,0.0010228183905614803,0.0012955691300924857,0.007185420871345549,0.018303459808242106,0.03154480708185591,0.025627798388627797,0.04352757132116755,0.7247086248941939,0.7247086248941939,0.0005773791085815006,67988.04,0.059540542765822574,64058.15,-0.009289953077215952,64656.02,-0.04516857121636174,67003.73,0.008132980025301773,66272.17,-0.012153452937677535,0.0004278238586807838,53.57060646820479,53.57060646820479,0.38492735380727755,0.034970640961466876,502.8600000000006,0.034970640961466876,-0.007396300878801524,0.41744915254219306,0.5825508474573833,22746.623288571427,20136.80652857143,-0.32560055553496314,0.9116859965064951,67857.532,1655.238894227742,-0.22495363134486443,71168.00978845549,64547.05421154452,0.09757141737649501,69132.93338946927,75510.79132887135,-6377.857939402078,0.9155371328102552,-173.44772520729748,-327.5759726069955,72271.41,62510.28,-0.06622577309616547,0.07958530980824138,3207.40697886866,1.0,0.22123436919313583,0.18358533266741447,-0.024193035094981677,6
2026-02-27,67485.19,68216.8,64914.46,65872.1,21228.58424,4,2,9,0,-0.023902729458526895,-0.024193035094981677,-0.004583849067503544,-0.003162339767031051,-0.03157761958576588,-0.04330702257357455,0.03211796349946306,0.024093403668401327,0.043568461529245456,0.7371837708962942,0.7371837708962942,-0.0013909333702884902,67485.18,-0.007423789136971464,67988.04,0.059540542765822574,64058.15,-0.009289953077215952,68020.01,0.015053637111473492,68853.96,0.038217689464747844,0.00023442558925222608,40.69177528849545,40.69177528849545,-1.284949400329578,0.050132605458152284,1613.0899999999965,0.050132605458152284,-0.02390287409726449,0.2899883113185546,0.7100116886811426,20729.010907142856,20207.094720714285,0.023667257017284227,1.0241002011670501,67686.66799999999,1675.9029230760377,-1.0827405185667625,71038.47384615206,64334.86215384791,0.09903887856178782,68822.37782856743,75132.80343362149,-6310.425605054057,0.9160097145765348,-310.5555609018338,-377.9878952498548,72271.41,62510.28,-0.08854552581719256,0.053780274220495465,3214.1879089494705,1.0,0.7942131709045314,0.12015565055639393,0.0165784521278679,7
2026-02-28,65872.09,67760.0,63030.0,66973.26,22548.71649,5,2,9,1,0.016716637240956178,0.0165784521278679,-0.002122890953647119,-0.00297637978844444,-0.014750368255351587,-0.04081308509594628,0.03311430043768867,0.024245417002415164,0.043040055644291544,0.7693832912759575,0.7693832912759575,-0.0013514967616561188,65872.1,-0.024193035094981677,67485.18,-0.007423789136971464,67988.04,0.059540542765822574,67975.93,-0.0006482546691270726,69822.95,0.013975012427655345,0.0003568561768656246,41.17716265071961,41.17716265071961,-0.6073783128086235,0.0706252017596266,1101.1699999999983,0.0706252017596266,0.016716791588060765,0.833670190274664,0.16632980972512448,22802.707361428573,20523.80418928571,0.0621865422147434,0.9888613721430642,67518.812,1561.3857988594866,-0.3494024349383473,70641.58359771899,64396.04040228103,0.09250078623181136,68646.27136870388,74812.82133818536,-6166.549969481479,0.9175736209491819,-176.10645986355667,-319.98209543613484,71453.53,62510.28,-0.06270187071233488,0.07139593679631454,3322.4602011673655,1.0,0.3358454863872568,0.20611904005538925,-0.018031259656580454,8
2026-03-01,66973.26,68199.99,65056.0,65776.47,23201.85859,6,3,9,0,-0.01786966917841526,-0.018031259656580454,-0.003998230469774404,-0.003243928840698302,-0.02759958842991328,-0.044399178412315776,0.03366517822751821,0.024399988330043643,0.043075420293674345,0.7815403126994365,0.7815403126994365,-0.0014947062544059895,66973.26,0.0165784521278679,65872.1,-0.024193035094981677,67485.18,-0.007423789136971464,67643.4,-0.00490388304368946,68832.58,-0.014285572925026392,-0.00045755845553417413,40.65748630615503,40.65748630615503,-1.122129888644714,0.04779809558037938,1196.7899999999936,0.04779809558037938,-0.017869669178415024,0.22915785355544097,0.770842146444241,24949.38218285714,20588.933225714285,0.028965821637327194,0.9299572398205994,67300.7355,1478.7094179740275,-1.0308080015391745,70258.15433594806,64343.31666405194,0.08788667208393328,68372.95695263684,74458.45461904083,-6085.497666403986,0.9182698902691341,-273.3144160670345,-354.36671914452745,70983.0,62510.28,-0.07334897088035058,0.05225044584666635,3309.7123296554114,1.0,0.7742321991195338,0.1717739855312101,0.04537839252942392,9
2026-03-02,65776.48,70096.0,65259.21,68830.06,32010.38431,0,3,10,0,0.04642374393153048,0.04537839252942392,0.008937050065337833,-6.4695320343927e-05,0.06455763902572409,-0.0009053244311456599,0.032588006266375244,0.027659162028672173,0.0426371275847088,0.7643105281264759,0.7643105281264759,-2.9502718235277368e-05,65776.47,-0.018031259656580454,66973.26,0.0165784521278679,65872.1,-0.024193035094981677,64656.02,-0.04516857121636174,68892.43,0.0008691232444626728,-0.0011640555520886226,49.8388344607067,49.8388344607067,3.2174774845771212,0.07027147731674112,3053.5800000000017,0.07027147731674112,0.046423584843700294,0.7382685624141754,0.2617314375856178,24797.164337142858,21767.120295,0.37964741858208195,1.2908889046660632,67300.174,1478.095650107751,1.0350385645796585,70256.3653002155,64343.982699784494,0.0878509259193137,68416.49057619524,74237.7332614314,-5821.242685236153,0.9215864705252069,43.53362355839636,-220.72135760943638,70983.0,62510.28,-0.03033036079061144,0.10109985109649001,3418.7893061085965,1.0,0.7759212699725103,0.3475700500351176,-0.007174587301422502,10
2026-03-03,68830.06,69258.08,66158.0,68338.0,24972.2418,1,3,10,0,-0.007148911391331003,-0.007174587301422502,0.009239245176165468,0.0008775882967443727,0.06681195132859741,0.012362022010111495,0.032400079414481225,0.027134046926589134,0.04250130795056197,0.7623313308342899,0.7623313308342899,0.0004005304948511773,68830.06,0.04537839252942392,65776.47,-0.018031259656580454,66973.26,0.0165784521278679,64058.15,-0.009289953077215952,67503.52,-0.0203665579406587,0.003031818953045859,52.26111781284748,52.26111781284748,3.491667259690061,0.04536392636600363,492.0599999999977,0.04536392636600363,-0.007148911391330917,0.7032076591569558,0.2967923408427216,25064.22227714286,22373.061194285718,-0.2198706032967338,0.9963302082096623,67362.948,1494.9294351859376,0.6522394817104313,70352.80687037187,64373.089129628126,0.08876864683451292,68409.01528322426,74006.37117274781,-5597.355889523547,0.924366567353249,-7.475292970979353,-231.36208868358517,70983.0,62510.28,-0.03726244312018318,0.09322818582799354,3396.0243556722685,1.0,0.5731756403554696,0.3145673820193708,0.061418215316930716,11
2026-03-04,68338.01,74050.0,67400.0,72666.77,44919.0761,2,3,10,0,0.06334352775907992,0.061418215316930716,0.00950748411203806,0.0063763490486050045,0.06881695662943077,0.09337461067392905,0.032889997459330855,0.031061790452790134,0.04390282999124528,0.7491543646898191,0.7491543646898191,0.003071090707831534,68338.0,-0.007174587301422502,68830.06,0.04537839252942392,65776.47,-0.018031259656580454,67988.04,0.059540542765822574,66461.0,-0.015564435209118136,-0.0004937332631560571,64.27331067976235,64.27331067976235,4.423093633479135,0.09151363133382573,4328.760000000009,0.09151363133382573,0.06334337215848027,0.791995488721686,0.20800451127816358,27088.377064285716,24474.96388785714,0.7987602578796109,1.6582416876949506,67682.678,1882.8541046971222,2.647094104404389,71448.38620939424,63916.969790605755,0.11127539041508341,68814.515732441,73953.83779342438,-5139.322060983381,0.9305063507949377,405.50044921673543,-52.53337932343129,74050.0,62510.28,-0.01867967589466546,0.16247711576399662,3628.4511874099635,1.0,0.9900087858292428,0.40583322402401667,-0.024744659742350593,12
2026-03-05,72666.77,73558.15,70645.47,70890.72,26590.51253,3,3,10,0,-0.02444102029029227,-0.024744659742350593,0.007033074025555328,0.0040279462080584074,0.0504635239914899,0.05801154652136531,0.03496234642465433,0.03214279944833583,0.043588521274793034,0.8020998327092367,0.8020998327092367,0.002028219786109925,72666.77,0.061418215316930716,68338.0,-0.007174587301422502,68830.06,0.04537839252942392,67485.18,-0.007423789136971464,67003.73,0.008132980025301773,0.0030993795821604255,58.46013410007327,58.46013410007327,2.950104379704764,0.04108690107816582,1776.050000000003,0.04108690107816582,-0.024441020290291948,0.08420080475710218,0.9157991952425545,27924.482008571427,25335.55264857143,-0.40803518596857336,0.9522293921812796,67784.51599999999,2000.9190572187347,1.5523886330095056,71786.35411443746,63782.677885562516,0.11807528770840273,69012.24947220852,73833.71552701558,-4821.466054807053,0.9346983147144501,197.7337397675292,-120.12226640879817,74050.0,62510.28,-0.04266414584739981,0.13406498899060873,3577.324674023537,1.0,0.9141787460892861,0.29252743054101643,-0.03995647071445988,13
2026-03-06,70891.02,71419.98,67744.78,68114.02,22629.88722,4,3,10,0,-0.0391687374595715,-0.03995647071445988,0.004781154651344156,9.865279192030925e-05,0.03403443946678486,0.0013820932987220758,0.03770862731324626,0.03399998467251009,0.04372683273105202,0.8623681180571734,0.8623681180571734,5.211684111364588e-05,70890.72,-0.024744659742350593,72666.77,0.061418215316930716,68338.0,-0.007174587301422502,65872.1,-0.024193035094981677,68020.01,0.015053637111473492,-0.0008421706241272195,50.19005119108172,50.19005119108172,1.7081902590977043,0.05395658632393071,2777.0,0.05395658632393071,-0.039172803551140334,0.100468001741376,0.899531998258352,28124.66814857143,24426.839527857144,-0.14894881418820094,0.8046277061992165,67699.0695,1944.996306635598,0.2133425644995507,71589.0621132712,63809.0768867288,0.11492012052753964,68926.70380818866,73609.41374164242,-4682.709933453763,0.9363843604312584,-85.54566401986813,-224.30178537315805,74050.0,62510.28,-0.08016178257933715,0.08964509517474431,3584.3157687361418,1.0,0.21016366133760295,0.160286421176379,-0.012574095363267338,14
2026-03-07,68114.02,68551.04,66915.26,67262.91,12719.54315,5,3,10,0,-0.012495371731106153,-0.012574095363267338,0.0006165050097534074,-0.0007531929719468525,0.004324860399508745,-0.010489301139388396,0.03779828429077056,0.034169113525651926,0.0336410196840612,1.1235772138352222,1.1235772138352222,-0.00039647758647810616,68114.02,-0.03995647071445988,70890.72,-0.024744659742350593,72666.77,0.061418215316930716,66973.26,0.0165784521278679,67975.93,-0.0006482546691270726,-0.00017280615789709846,48.60410245323855,48.60410245323855,0.21020595795367727,0.024319197608310052,851.1100000000006,0.024319197608310052,-0.01249537173110599,0.21252857963772417,0.7874714203616645,26720.50052857143,24761.603945000003,-0.4379316597407241,0.47602188950011987,67620.586,1928.449034356248,-0.1854734004516773,71477.4840687125,63763.6879312875,0.11407467154196031,68768.24725502783,73360.53124197018,-4592.283986942348,0.9374011623253349,-158.45655316082411,-248.88249967223965,74050.0,62510.28,-0.09165550303848621,0.07602957465555951,3445.1346423978457,1.0,0.1833754781689696,0.12238343856223786,-0.01939068716249424,15
2026-03-08,67262.91,68200.0,65618.49,65971.2,21593.63901,6,3,10,0,-0.01920389706600567,-0.01939068716249424,0.00042230108033715206,-0.0017879646947186224,0.002960481156863537,-0.02472081533453374,0.03791338017410728,0.03452201702709905,0.026233087739895817,1.4452503306043347,1.4452503306043347,-0.0009372496699920788,67262.91,-0.012574095363267338,68114.02,-0.03995647071445988,70890.72,-0.024744659742350593,65776.47,-0.018031259656580454,67643.4,-0.00490388304368946,-3.7225372387558124e-05,46.84478897707705,46.84478897707705,0.13868311506388534,0.03913086316453173,1291.7100000000064,0.03913086316453173,-0.019203897066005428,0.13662933709335076,0.8633706629062619,26490.754874285714,25720.068528571428,0.697674103177204,0.8151386818712325,67474.5245,1937.6546548136157,-0.7758474897808002,71349.83380962723,63599.215190372764,0.11486733217741096,68501.86180216803,73070.75354620664,-4568.891744038614,0.937473044654584,-266.3854528598022,-289.77769576353603,74050.0,62510.28,-0.10909925725860761,0.05536561346389655,3383.4471679408566,1.0,0.6503168094739906,0.08411219409803182,0.03662460641351922,16
2026-03-09,65971.2,69516.65,65821.97,68432.16,28896.7213,0,3,11,0,0.03730355064027946,0.03662460641351922,-0.0008282397933635181,0.00405440513598716,-0.0057809044478530636,0.05840353303528434,0.03629314940655483,0.03352242438757461,0.026976719638733167,1.3453506781860334,1.3453506781860334,0.002119648150320235,65971.2,-0.01939068716249424,67262.91,-0.012574095363267338,68114.02,-0.03995647071445988,68830.06,0.04537839252942392,64656.02,-0.04516857121636174,0.00011209570966459025,57.269468593794954,57.269468593794954,-0.3310693257200506,0.05399040451156209,2460.9600000000064,0.05399040451156209,0.037303550640278925,0.7064725497199489,0.29352745027978044,26045.945872857144,25421.555105000003,0.3382052597349594,1.1094517911178101,67520.9565,1949.4764758027318,0.46740933338235413,71419.90945160546,63622.00354839454,0.115488676514984,68495.22353529489,72888.84791694363,-4393.62438164874,0.9397215828317633,-6.638266873138491,-181.9056292630121,74050.0,62510.28,-0.07586549628629197,0.09473449806975605,3405.678084516509,1.0,0.4361037302156597,0.16116963013677194,0.02191822593227371,17
2026-03-10,68432.16,71777.0,68391.41,69948.63,32602.57726,1,3,11,0,0.022160194855752158,0.02191822593227371,0.0033278763828787977,0.006283560779522137,0.023568585560010513,0.09195520007992752,0.03710204088658881,0.03360433178077888,0.02714378807027179,1.3668703654650567,1.3668703654650567,0.003411725593099926,68432.16,0.03662460641351922,65971.2,-0.01939068716249424,67262.91,-0.012574095363267338,68338.0,-0.007174587301422502,64058.15,-0.009289953077215952,0.0008631901698587375,60.952430534864455,60.952430534864455,1.4365625741515502,0.04840109091486063,1516.4700000000012,0.04840109091486063,0.022160194855751724,0.45995528105870553,0.5400447189409991,27135.993795714283,26100.108036428574,0.12824485939171226,1.2014513824493827,67695.338,2004.8707105489161,1.1239088825742511,71705.07942109783,63685.59657890217,0.1184643297326552,68633.64319860014,72773.54525353409,-4139.9020549339475,0.9431125412330541,138.41966330524883,-115.30266340954404,74050.0,62510.28,-0.055386495611072784,0.1189940278622954,3404.2432213367583,1.0,0.8089242674332925,0.23062566772707155,0.003471234391040441,18
2026-03-11,69948.64,71321.0,68977.91,70191.86,27249.27542,2,3,11,0,0.0034772661022810514,0.003471234391040441,-0.004950263749391242,0.0022786101813234124,-0.034058346063819855,0.03241481884166686,0.027096151243917847,0.029906666001122042,0.027147290567254644,0.9981161905890279,0.9981161905890279,0.0008783168338780031,69948.63,0.02191822593227371,68432.16,0.03662460641351922,65971.2,-0.01939068716249424,72666.77,0.061418215316930716,67988.04,0.059540542765822574,-0.0007464985239063685,54.74868280083268,54.74868280083268,-1.8646495853690617,0.033381221127349564,243.22000000000116,0.033381221127349564,0.0034771226431278388,0.5180978963673956,0.48190210363217767,24611.736555714284,25850.056810000002,-0.16419873181522815,1.1071658986075175,67854.7445,2072.586949230564,1.1276320642984425,71999.91839846113,63709.57060153887,0.12217786476113156,68782.04479873346,72672.30269457196,-3890.2578958384984,0.9464684927875552,148.40160013332206,-101.24255896212708,74050.0,62510.28,-0.05210182309250435,0.12288506786403579,3328.4465626698466,1.0,0.8102072835786782,0.23882334364281904,0.004966571049048208,19
2026-03-12,70191.86,70800.0,69205.91,70541.34,21997.1605,3,3,11,0,0.0049789249066771735,0.004966571049048208,-0.0007058022077628416,0.0031636359088962457,-0.004928430688812324,0.04528638732237211,0.025773454679328952,0.02978052476741101,0.026928322124824856,0.9571132431773575,0.9571132431773575,0.0011671866512436948,70191.86,0.003471234391040441,69948.63,0.02191822593227371,68432.16,0.03662460641351922,70890.72,-0.024744659742350593,67485.18,-0.007423789136971464,-1.710773810086447e-05,56.629080705665466,56.629080705665466,-0.27909249922903157,0.022597954617816645,349.4799999999959,0.022597954617816645,0.004978924906677083,0.8377381452735781,0.16226185472579452,23955.54340857143,25940.01270857143,-0.19274328726352608,0.9182492805455782,67980.811,2158.0857017636963,1.186481610950953,72296.98240352739,63664.63959647261,0.12698205096515625,68949.59672266361,72588.73553007895,-3639.1388074153365,0.9498663424725408,167.55192393015022,-83.56716449301166,74050.0,62510.28,-0.04738230925050582,0.12847582829575982,3204.5639510505716,1.0,0.8294844861836814,0.2506977005384276,0.005494554272369187,20
2026-03-13,70541.34,73913.74,70386.01,70930.0,35996.61678,4,3,11,0,0.005509677020595349,0.005494554272369187,0.005787201361784169,0.0052841780065641655,0.04134214953103621,0.07678364588346187,0.019097737961268194,0.02872084135989318,0.0264610759514307,0.7217294290902101,0.7217294290902101,0.0014663939487931641,70541.34,0.004966571049048208,70191.86,0.003471234391040441,69948.63,0.02191822593227371,68114.02,-0.03995647071445988,65872.1,-0.024193035094981677,0.00020532872296626637,61.58647603806788,61.58647603806788,2.546117301455381,0.04973537290286142,388.6600000000035,0.04973537290286142,0.00550967702059527,0.15420397819556753,0.845796021804149,25865.07620285714,26994.87217571429,0.6364210635277219,1.3917073546461194,68128.5145,2256.577630911769,1.241475348165538,72641.66976182355,63615.35923817647,0.1324894662666826,69138.20655860042,72523.68707791899,-3385.480519318575,0.9533189685229021,188.6098359368043,-65.04845215995738,74050.0,62510.28,-0.042133693450370796,0.1346933656352182,3227.6472402612458,1.0,0.8458758476552385,0.275549053493322,0.003967166199519513,21
2026-03-14,70930.01,71307.92,70317.0,71211.95,13017.24737,5,3,11,0,0.0039750458198222205,0.003967166199519513,0.008150238727896575,0.004383371868824994,0.058710513714021584,0.06328928888932683,0.01739458374913761,0.028536536685268354,0.02633006721943323,0.6606357265834703,0.6606357265834703,0.00110089083600876,70930.0,0.005494554272369187,70541.34,0.004966571049048208,70191.86,0.003471234391040441,67262.91,-0.012574095363267338,66973.26,0.0165784521278679,0.000322588103960367,60.088501599148444,60.088501599148444,3.5278267971918127,0.01391508026391616,281.9400000000023,0.01391508026391616,0.003974904275355359,0.9031506075153347,0.09684939248365608,25907.60537714286,26314.052952857142,-0.6383758104391498,0.5024488825001188,68306.94200000001,2355.131244881459,1.2334803023450913,73017.20448976292,63596.67951023709,0.13791460580281423,69335.70593397181,72472.24640819668,-3136.5404742248647,0.9567208051402271,197.4993753713934,-51.44066972231667,74050.0,62510.28,-0.03832613099257211,0.1392038237550665,3067.881008814014,1.0,0.8435858667594385,0.2839229710485007,0.022264632539767723,22
2026-03-15,71211.95,73199.0,70858.82,72815.24,14037.30704,6,3,11,0,0.022514339236602954,0.022264632539767723,0.01410099868536257,0.007261649882849865,0.10374284536282508,0.10701045525854469,0.012963165560615048,0.028131124337047994,0.025736059370860553,0.5036965788008676,0.5036965788008676,0.001387194248233304,71211.95,0.003967166199519513,70930.0,0.005494554272369187,70541.34,0.004966571049048208,65971.2,-0.01939068716249424,65776.47,-0.018031259656580454,0.0004115651095653793,66.4349494233019,66.4349494233019,6.892150684708714,0.032138601754247605,1603.2900000000081,0.032138601754247605,0.022514339236602645,0.8360126144139204,0.16398738558565235,24828.12938142857,25659.442127857143,0.07836216375136762,0.5653791642675801,68714.903,2395.7538785814245,1.7115017684647067,73506.41075716286,63923.395242837156,0.1394605114166509,69667.0901307364,72485.697137287,-2818.6070065506065,0.9611149907103306,331.3841967645858,13.450729090327513,74050.0,62510.28,-0.0166746792707627,0.16485224510272298,3015.902365327298,1.0,0.9368315383359448,0.3990520569226323,0.028023922724339036,23
2026-03-16,72815.25,74909.08,72270.41,74884.67,28409.53019,0,3,12,0,0.028420286742171008,0.028023922724339036,0.012872329586908258,0.006022044896772373,0.0942906083923114,0.08796461894701246,0.010678869185922351,0.02666653802098755,0.026089413400698157,0.40931808671169645,0.40931808671169645,0.0009393626587246527,72815.24,0.022264632539767723,71211.95,0.003967166199519513,70930.0,0.005494554272369187,68432.16,0.03662460641351922,68830.06,0.04537839252942392,0.002099345747805952,64.818033594883,64.818033594883,6.111731822454798,0.03523645093181239,2069.4199999999983,0.03523645093181239,0.02842014550523372,0.9907491274009277,0.009250872598693378,24758.53065142857,25402.23826214286,1.023859000094936,1.1474643059385117,69256.22899999999,2508.6492051320183,2.2436142081896078,74273.52741026403,64238.93058973596,0.14489089234887337,70164.00249923769,72579.77450445222,-2415.7720052145305,0.9667156308805105,496.91236850128917,94.07736716521322,74909.08,63030.0,-0.0003258616979410662,0.18807980326828194,2988.9571963753483,1.0,0.9777468162615829,0.49795832938316564,-0.01310971909840106,24
2026-03-17,74884.67,76000.0,73399.19,73909.36,24521.26636,1,3,12,0,-0.013024161019872249,-0.01310971909840106,0.007868337439669006,0.005598106911273905,0.056623410637206106,0.08152652989551923,0.013553526809576872,0.026938266197844302,0.02606445727241147,0.5200003264185589,0.5200003264185589,0.0011049720086306902,74884.67,0.028023922724339036,72815.24,0.022264632539767723,71211.95,0.003967166199519513,69948.63,0.02191822593227371,68338.0,-0.007174587301422502,0.0015868100840855809,63.32025063687835,63.32025063687835,3.5854085534627744,0.0351891830750525,975.3099999999977,0.0351891830750525,-0.013024161019872086,0.19615811997024102,0.8038418800293745,23604.05766571429,25370.025730714286,-0.13686477051875523,1.0388580941156127,69552.29500000001,2693.6896930858366,1.6175081380687932,74939.67438617168,64164.91561382834,0.15491593443959228,70520.703213596,72631.91511212075,-2111.2118985247507,0.9709327243365856,356.7007143583178,52.140607668537996,76000.0,63030.0,-0.027508421052631207,0.17260606060605788,2961.232396634252,1.0,0.9242618903705058,0.33048255381908687,-0.03669322101311266,25
2026-03-18,73909.37,74672.34,70500.0,71246.54,23392.88093,2,3,12,0,-0.03602818371042593,-0.03669322101311266,0.0021305580962185616,-0.0014098528265863372,0.01502567391717502,-0.019544421748758256,0.02174906790274412,0.02388888272858497,0.027023699479635923,0.8048145707925317,0.8048145707925317,-0.0004250729557336123,73909.36,-0.01310971909840106,74884.67,0.028023922724339036,72815.24,0.022264632539767723,70191.86,0.003471234391040441,72666.77,0.061418215316930716,-0.00019698236431833603,46.310548511773476,46.310548511773476,0.6958472008634231,0.05856200174773313,2662.8300000000017,0.05856200174773313,-0.03602831413662389,0.17892597439322183,0.8210740256065384,23053.14416714286,23832.440361428573,-0.04601660507389893,1.0147371117966784,69740.363,2672.9978176928134,0.5634785745165639,75086.35863538562,64394.36736461437,0.15331137967795058,70589.83052658685,72577.5866763513,-1987.7561497644492,0.9726119833850425,69.12731299085135,-54.32843576945015,76000.0,63030.0,-0.06254552631578873,0.13035919403458454,3047.7400825889476,1.0,0.5105538293354024,0.1736944181852662,-0.018651514850332427,26
2026-03-19,71246.55,71613.79,68793.35,69930.0,22364.81819,3,3,12,0,-0.018478651735228002,-0.018651514850332427,-0.0012434541751215294,-0.0009746281914421825,-0.008666407527841091,-0.013552126427831435,0.023030036917998056,0.023483108729866777,0.026978453893641178,0.8536455111603236,0.8536455111603236,-0.00031210597195033507,71246.54,-0.03669322101311266,73909.36,-0.01310971909840106,74884.67,0.028023922724339036,70541.34,0.004966571049048208,70890.72,-0.024744659742350593,0.0003179984068087765,47.443215387085765,47.443215387085765,-0.41116223897562637,0.04033233233233158,1316.550000000003,0.04033233233233158,-0.018478789499280796,0.4030044957522926,0.5969955042473528,23105.666694285715,23530.605051428574,-0.04394767549479417,0.9679365017210301,69943.258,2513.150730274652,-0.005275449594122611,74969.55946054931,64916.9565394507,0.14372511673817745,70526.98952405478,72473.75974786695,-1946.770223812171,0.9731382747274893,-62.841002532077255,-103.82692848435545,76000.0,63030.0,-0.07986842105263052,0.1094716801523067,3031.5043624040222,1.0,0.005275400655432141,0.11896099769299208,0.008270155102978788,27
2026-03-20,69930.01,71367.0,69388.0,70510.73,18121.16745,4,3,12,0,0.008304447304447349,0.008270155102978788,-0.0008469397707487292,0.0024701307955177225,-0.005911039052587164,0.03518673541805328,0.023188729448498233,0.020696870837473454,0.026818910762432733,0.8646409538876381,0.8646409538876381,0.000815935687785128,69930.0,-0.018651514850332427,71246.54,-0.03669322101311266,73909.36,-0.01310971909840106,70930.0,0.005494554272369187,68114.02,-0.03995647071445988,0.0001102498326702244,57.22262168586795,57.22262168586795,-0.33824515147658657,0.02806665028145322,580.7200000000012,0.02806665028145322,0.008304303116787669,0.5673218797369523,0.4326781202625424,20552.031075714283,23208.553639285714,-0.1897467130717596,0.8817214893866309,70120.1315,2415.716706544166,0.16169052395162956,74951.56491308834,65288.698086911674,0.13780445956774234,70525.44099795433,72396.77818912707,-1871.3371911727445,0.9741516509714686,-1.5485261004505446,-76.98155873987707,76000.0,65056.0,-0.07222723684210436,0.08384668593211868,2956.3254793751635,1.0,0.16029603542779244,0.13507786329310598,-0.022845763534559155,28
2026-03-21,70510.73,71100.94,68571.42,68918.12,13397.1675,5,3,12,0,-0.022586775090826627,-0.022845763534559155,-0.004677358304188539,0.0017364402118540212,-0.03221130723144083,0.024608064087622505,0.024441668411147383,0.02143992600234597,0.027167626556623855,0.8996614945565299,0.8996614945565299,0.0006014621426699334,70510.73,0.008270155102978788,69930.0,-0.018651514850332427,71246.54,-0.03669322101311266,71211.95,0.003967166199519513,67262.91,-0.012574095363267338,-0.00026639250687371797,54.77468371368644,54.77468371368644,-1.7643641656065525,0.036703264685687416,1592.6100000000006,0.036703264685687416,-0.02258677509082629,0.13706157689990967,0.862938423099695,20606.30538,23256.95537857143,-0.26068960308625155,0.6501489351411014,70277.214,2211.953115314968,-0.6144316489302583,74701.12023062994,65853.30776937008,0.1258987366980674,70372.36280767297,72260.36022092601,-1887.9974132530479,0.9738722944712462,-153.07819028136146,-136.4179682010581,76000.0,65259.21,-0.0931826315789462,0.05606733517000804,2925.8393737055094,1.0,0.5472391257770426,0.08162569334932276,-0.015487110258322837,29
2026-03-22,68918.12,69588.79,67360.66,67859.0,14843.78682,6,3,12,0,-0.015367801675379322,-0.015487110258322837,-0.010070464418201476,0.0020152671335805497,-0.06806597080501287,0.028615517074117136,0.021493222342938482,0.02116768638241172,0.027192685782985,0.7904045125981157,0.7904045125981157,0.000615039670932152,68918.12,-0.022845763534559155,70510.73,0.008270155102978788,69930.0,-0.018651514850332427,72815.24,0.022264632539767723,65971.2,-0.01939068716249424,0.001555019073761531,55.51968936757908,55.51968936757908,-3.779001555597021,0.03283470136606725,1059.1199999999953,0.03283470136606725,-0.015367801675379131,0.2236584041325125,0.7763415958670387,20721.516777142857,22774.823079285714,0.10797949044079647,0.7163465387038134,70228.661,2255.6169826572045,-1.05056001006314,74739.89496531441,65717.42703468558,0.12847273181854774,70132.99492122792,72087.75785932106,-1954.7629380931467,0.9728835658627525,-239.3678864450485,-172.6023616049497,76000.0,65618.49,-0.10711842105263017,0.034144491895500194,2876.002989869401,1.0,0.7820239823567707,0.05568943484984847,0.04392937957609135,30
2026-03-23,67859.0,71817.09,67445.18,70906.45,28335.09119,0,3,13,0,0.044908560397294295,0.04392937957609135,-0.007798256296522574,0.0025370366451928452,-0.05312462483977032,0.03615683035578576,0.02645881060410244,0.022153480984881985,0.028353675750862065,0.9331703551744127,0.9331703551744127,0.0009566667264283974,67859.0,-0.015487110258322837,68918.12,-0.022845763534559155,70510.73,0.008270155102978788,74884.67,0.028023922724339036,68432.16,0.03662460641351922,0.0008227469223255591,56.99462150072181,56.99462150072181,-3.0278178851105535,0.06165743736994225,3047.449999999997,0.06165743736994225,0.044908560397293684,0.7917065996324739,0.2082934003672972,20710.882634285714,22734.70664285714,0.9088856188518073,1.3681257187509461,70357.0835,2215.059742785321,0.24801430380787667,74787.20298557064,65926.96401442935,0.12593243679779817,70206.6573096824,72041.43206091631,-1834.774751233912,0.9745316729728046,73.66238845448243,-46.32579840475228,76000.0,65618.49,-0.06702039473684125,0.08058643226931785,2982.8534905930155,1.0,0.2430511727285646,0.1534739863307492,-0.004944193784823292,31
2026-03-24,70906.45,71400.0,68923.07,70556.74,20702.42244,1,3,13,0,-0.004931991377371103,-0.004944193784823292,-0.006631752680297177,0.0006182923796859158,-0.04536123706117867,0.008693665622900637,0.02636544731405374,0.021499362340263777,0.02835398608868516,0.9298673668570245,0.9298673668570245,0.00022921238294658694,70906.45,0.04392937957609135,67859.0,-0.015487110258322837,68918.12,-0.022845763534559155,73909.36,-0.01310971909840106,69948.63,0.02191822593227371,-0.0019926910009015805,51.84048986910518,51.84048986910518,-2.351548750320111,0.0351055051579758,349.70999999999185,0.0351055051579758,-0.004931991377370985,0.6595543677049183,0.34044563229467795,20165.333502857142,21884.695584285713,-0.2693715964709412,1.0266342699993398,70251.58200000001,2148.511152522042,0.14203230904416872,74548.6043050441,65954.55969495593,0.12233239971860055,70239.99851828408,71983.20884284115,-1743.210324557076,0.975783097856002,33.341208601676044,-58.22321807515982,76000.0,65618.49,-0.07162184210526214,0.0752569893028615,2946.7160984077996,1.0,0.14108487247147358,0.13619854985425645,0.010991329616637294,32
2026-03-25,70556.74,72026.09,70408.0,71336.53,17719.50066,2,3,13,0,0.011051956198656399,0.010991329616637294,0.000180325981095673,0.0011554420386571198,0.0012630788807428406,0.016307731409311632,0.023284011373749917,0.021669394866256294,0.02699432322010576,0.8625521122105976,0.8625521122105976,0.0003797094036144708,70556.74,-0.004944193784823292,70906.45,0.04392937957609135,67859.0,-0.015487110258322837,71246.54,-0.03669322101311266,70191.86,0.003471234391040441,-6.244906751910312e-06,53.355447563961135,53.355447563961135,0.06739213899062135,0.02268248820064522,779.7899999999936,0.02268248820064522,0.011051956198656322,0.5738432349247736,0.4261567650746083,19354.85060714286,21203.997387142856,-0.1440856396706779,0.9155069713356375,70273.8725,2157.7837159257847,0.49247637386288345,74589.43993185156,65958.30506814843,0.1228213923133809,70344.4300879713,71957.84888821993,-1613.4188002486335,0.9775782791567892,104.43156968722178,-25.359954621220822,76000.0,65618.49,-0.06136144736842026,0.08714068245093579,2851.8142342358137,1.0,0.45617968719396723,0.16311048089512595,-0.03590963357008416,33
2026-03-26,71336.53,71436.82,68153.0,68820.31,20820.45768,3,3,13,0,-0.035272531478612756,-0.03590963357008416,-0.0022851195502974313,-0.0017642868627094775,-0.015868582868582948,-0.02439746679039556,0.0263254284977636,0.023768535196201264,0.027845748471404447,0.9454020451055877,0.9454020451055877,-0.0006422737675171203,71336.53,0.010991329616637294,70556.74,-0.004944193784823292,70906.45,0.04392937957609135,69930.0,-0.018651514850332427,70541.34,0.004966571049048208,-0.00017441682485751895,45.52366020358084,45.52366020358084,-0.7223959744217342,0.047715855973330536,2516.220000000001,0.047715855973330536,-0.03527253147861223,0.2032115036755343,0.7967884963241612,19134.22767714286,21119.947185714285,0.1750025059679079,1.0881263686890466,70309.187,2126.1222370540704,-0.7002781750038406,74561.43147410815,66056.94252589186,0.12095843105419725,70199.2757938788,71834.80814750544,-1635.532353626637,0.977232035613303,-145.15429409249919,-123.04074071449577,76000.0,65618.49,-0.09446960526315668,0.04879447850750517,2882.6717889332563,1.0,0.6045443161207522,0.07651714921405837,-0.035692215836955574,34
2026-03-27,68820.31,69179.05,65548.25,66407.28,28603.69557,4,3,13,0,-0.035062759816106626,-0.035692215836955574,-0.00856545825600234,-0.004706199013375532,-0.05819610717404289,-0.06376314676441563,0.02853854350709028,0.02530051410282715,0.02650178613668566,1.076853548023001,1.076853548023001,-0.0018197073380852584,68820.31,-0.03590963357008416,71336.53,0.010991329616637294,70556.74,-0.004944193784823292,70510.73,0.008270155102978788,70930.0,0.005494554272369187,0.002089800883825226,39.35730421684152,39.35730421684152,-2.290441894284719,0.054674728433387845,2413.029999999999,0.054674728433387845,-0.035062759816106084,0.23659524071823332,0.7634047592814912,20631.73169428571,20591.881384999997,0.37382645519250657,1.3863933475792953,70266.4055,2198.0372717506443,-1.7557143136724918,74662.48004350129,65870.3309564987,0.12512592645716683,69838.13333731891,71621.9639064268,-1783.8305691078858,0.9750938054220432,-361.14245655988634,-212.84424107863742,76000.0,65548.25,-0.12621999999999836,0.013105307922026686,2936.1095182951667,1.0,0.942022409745696,0.03671537467428314,-0.00045562612816699334,35
2026-03-28,66407.28,67288.94,65932.09,66377.03,11462.39847,5,3,13,0,-0.00045552234634516076,-0.00045562612816699334,-0.0053668671979463164,-0.005022112751067425,-0.03687114506315603,-0.06789478451299258,0.02791927696661893,0.025211339123431313,0.026472106518353383,1.0546677081627223,1.0546677081627223,-0.0018955732934071493,66407.28,-0.035692215836955574,68820.31,-0.03590963357008416,71336.53,0.010991329616637294,68918.12,-0.022845763534559155,71211.95,0.003967166199519513,0.001316012867749864,38.48625710241619,38.48625710241619,-1.4190323685611064,0.020441559376790215,30.25,0.020441559376790215,-0.00045552234634515284,0.32792128827775546,0.6720787117215076,20355.336118571428,20480.820749285715,-0.5992686175131181,0.5631151656366697,70286.697,2157.803533632977,-1.8118734810929216,74602.30406726596,65971.08993273404,0.12280011016212339,69508.50444805044,71416.28022382183,-1907.7757757713844,0.9732865423711049,-329.6288892684679,-205.68368260496936,76000.0,65548.25,-0.1266180263157878,0.012643815815067315,2823.3052669883696,1.0,0.9480218854078025,0.03203379350886434,-0.005530728522709364,36
2026-03-29,66377.04,67130.5,65000.0,66010.93,10052.85584,6,3,13,0,-0.00551546220130672,-0.005530728522709364,-0.003944526950001534,-0.007007495684101502,-0.027233970438703903,-0.09344623460693136,0.027569192729382005,0.023960638958864706,0.026114255785567853,1.0557142389983019,1.0557142389983019,-0.002576237251713537,66377.03,-0.00045562612816699334,66407.28,-0.035692215836955574,68820.31,-0.03590963357008416,67859.0,-0.015487110258322837,72815.24,0.022264632539767723,1.2408508505601012e-05,32.78184088248611,32.78184088248611,-0.8927796855199217,0.0322749581016351,366.1100000000006,0.0322749581016351,-0.005515612024880818,0.4745036376435196,0.525496362356011,19670.91740714286,20196.21709214286,-0.12297100242057801,0.5110517029749267,70165.6355,2328.4958316667057,-1.7842872825863487,74822.62716333341,65508.64383666659,0.1327428057951059,69175.40211966468,71204.30570524058,-2028.9035855758993,0.9715058862595223,-333.10232838576485,-211.97451858124987,76000.0,65000.0,-0.13143513157894574,0.015552769230768884,2773.8191764892003,1.0,0.9451543943437895,0.02656601473315059,0.011843374134185144,37
2026-03-30,66010.93,68169.65,65800.59,66797.37,18353.38975,0,3,14,0,0.01191378458082637,0.011843374134185144,-0.008528242013130993,-0.00816324915482678,-0.05795072239549437,-0.10799673684881039,0.01987727393538545,0.02248574444659635,0.026025195996095235,0.7637703544902195,0.7637703544902195,-0.0021466807224715403,66010.93,-0.005530728522709364,66377.03,-0.00045562612816699334,66407.28,-0.035692215836955574,70906.45,0.04392937957609135,74884.67,0.028023922724339036,0.00032050971326437304,28.114181981909937,28.114181981909937,-1.6292371554100724,0.03546636641532387,786.4400000000023,0.03546636641532387,0.01191378458082609,0.4207491578936705,0.5792508421059074,18244.96005857143,19477.92134642857,0.8256891416837424,1.0059429941791855,70008.0725,2447.5289690858567,-1.311813890888439,74903.1304381717,65113.014561828284,0.13984267137683704,68948.9228701728,71031.48469719193,-2082.5618270191335,0.9706811446234287,-226.47924949188018,-172.82100804864604,76000.0,65000.0,-0.12108723684210372,0.02765184615384566,2744.9078067399714,1.0,0.864733659153326,0.033809507047543555,0.02201879944892802,38
2026-03-31,66797.38,68589.49,65998.05,68284.48,22105.40662,1,3,14,1,0.022263002270897836,0.02201879944892802,-0.004676385836880806,-0.005654069258588989,-0.03220471920896584,-0.07610511036761791,0.023047251763057067,0.023812178305717146,0.026100118674413055,0.8830324171138253,0.8830324171138253,-0.0017540136390977346,66797.37,0.011843374134185144,66010.93,-0.005530728522709364,66377.03,-0.00045562612816699334,70556.74,-0.004944193784823292,73909.36,-0.01310971909840106,-0.00038141253847816145,35.1882670666143,35.1882670666143,-1.1332282603304136,0.03795064412879712,1487.0999999999913,0.03795064412879712,0.022262849231511308,0.8823009600836248,0.11769903991598932,18445.38637,19305.359936428573,0.20443182001297622,1.198424699628496,69912.7035,2476.974506099336,-0.6573436650195592,74866.65251219868,64958.75448780133,0.14171813602369426,68885.642596823,70923.75902279225,-2038.116425969245,0.9712632768757329,-63.28027334979561,-107.72567439968407,76000.0,65000.0,-0.10151999999999871,0.0505304615384607,2733.9458205442593,1.0,0.5765929174755576,0.05614055330343798,-0.0025009104050785873,39
2026-04-01,68284.49,69310.0,67578.75,68113.92,19020.1899,2,4,14,0,-0.0024977857340350296,-0.0025009104050785873,-0.0066038486971259315,-0.003211761358015127,-0.045174751281005676,-0.04396873167454862,0.02206167293919864,0.022073763023798716,0.02473679055437606,0.8918566860501285,0.8918566860501285,-0.0009700237777552754,68284.48,0.02201879944892802,66797.37,0.011843374134185144,66010.93,-0.005530728522709364,71336.53,0.010991329616637294,71246.54,-0.03669322101311266,-0.000994693788611668,40.50471457337463,40.50471457337463,-1.8297904065603248,0.025416977909948135,170.57000000000698,0.025416977909948135,-0.002497931814384269,0.30912346570379157,0.6908765342956308,18631.19911857143,18993.024862857146,-0.13956842201711106,1.0208784619257172,69791.33249999999,2503.8756402128483,-0.6699264424557159,74799.08378042569,64783.58121957429,0.1435063954517741,68812.14520664938,70813.56925719256,-2001.4240505431808,0.9717367155541186,-73.49739017362299,-110.18976559968723,76000.0,65000.0,-0.10376421052631445,0.04790646153846078,2662.324690505384,1.0,0.5849314947537024,0.04916759643442344,-0.01795288497272631,40
2026-04-02,68113.92,68653.38,65712.12,66901.99,20203.47916,3,4,14,0,-0.01779269200774225,-0.01795288497272631,-0.004038598897503382,-0.0031618592239004047,-0.027874329540218512,-0.0433005863005862,0.01890419939625655,0.022036932385987373,0.024916964903686188,0.7586878542647876,0.7586878542647876,-0.0008185629174010962,68113.92,-0.0025009104050785873,68284.48,0.02201879944892802,66797.37,0.011843374134185144,68820.31,-0.03590963357008416,69930.0,-0.018651514850332427,6.971120078172191e-05,40.76322139212737,40.76322139212737,-1.1362474662050432,0.043963714681730166,1211.929999999993,0.043963714681730166,-0.01779269200774196,0.4045443109414338,0.5954556890582262,18543.05933,18838.643503571428,0.062212273706057974,1.0895440067601245,69589.932,2568.6261368791907,-1.0464512376506157,74727.18427375838,64452.67972624162,0.147643549177726,68630.22566315896,70660.17399220461,-2029.9483290456556,0.9712716766127609,-181.91954349042499,-153.3952649879502,76000.0,65000.0,-0.11971065789473519,0.02926138461538425,2682.248641183571,1.0,0.7804228412909311,0.03254850456425052,0.0009309289814481332,41
2026-04-03,66901.99,67370.42,66282.0,66964.3,11429.13131,4,4,14,0,0.0009313624303253221,0.0009309289814481332,0.001193278933697147,-0.003686089661152594,0.008387935780534983,-0.05029631660316092,0.012749833014503937,0.021830387386542385,0.021992061635526427,0.5797470308177277,0.5797470308177277,-0.0006412696379349236,66901.99,-0.01795288497272631,68113.92,-0.0025009104050785873,68284.48,0.02201879944892802,66407.28,-0.035692215836955574,70510.73,0.008270155102978788,-0.00015058764622655985,38.82847392016676,38.82847392016676,0.3256907456985362,0.01625373519920289,62.30999999999767,0.01625373519920289,0.0009313624303252673,0.6268719795661392,0.37312802043294213,16089.55015,18360.64092214286,-0.4342988541979419,0.7103449881101425,69377.5495,2602.83083615446,-0.9271634047353257,74583.21117230892,64171.88782769108,0.15006761437455632,68471.56607619143,70515.2377572162,-2043.67168102476,0.971018013325544,-158.65958696752205,-144.9362349884177,76000.0,65000.0,-0.1188907894736826,0.03021999999999958,2568.4037382418874,1.0,0.7292686401219365,0.028803786516954723,0.005006835781815329,42
2026-04-04,66964.29,67562.93,66775.91,67300.42,7373.51613,5,4,14,0,0.0050193909291964545,0.005006835781815329,0.0019736306351231933,-0.0016966182814115599,0.013911288287529633,-0.02347278190409141,0.012799161026357454,0.021210333975238423,0.021632696218683217,0.5916581227468657,0.5916581227468657,-0.0003004319153270353,66964.3,0.0009309289814481332,66901.99,-0.01795288497272631,68113.92,-0.0025009104050785873,66377.03,-0.00045562612816699334,68918.12,-0.022845763534559155,1.2950421436141306e-05,44.466049175731584,44.466049175731584,0.6185800290910715,0.011694132072280943,336.13000000000466,0.011694132072280943,0.0050195410120827035,0.6664506619899562,0.33354933800877323,15505.42410142857,17930.380110000002,-0.3548489443332855,0.47554430512611234,69101.8085,2509.9373852061417,-0.7177025652579516,74121.68327041228,64081.93372958772,0.14528924435927626,68360.02835464939,70389.16647261949,-2029.1381179700984,0.9711725792525134,-111.53772154204489,-126.07128459670639,76000.0,65000.0,-0.11446815789473536,0.03539107692307635,2441.1620426531804,1.0,0.6154842018579777,0.02755299241368593,0.025435266920256033,43
2026-04-05,67300.42,69136.2,66611.66,69034.18,11733.46752,6,4,14,0,0.025761503420038023,0.025435266920256033,0.006397344269832536,0.0012264086599155022,0.04579923355117099,0.01731796813981923,0.014944672475637645,0.02196984259960786,0.020931500767840786,0.7139799447452299,0.7139799447452299,0.00025881136179312607,67300.42,0.005006835781815329,66964.3,0.0009309289814481332,66901.99,-0.01795288497272631,66010.93,-0.005530728522709364,67859.0,-0.015487110258322837,0.00022930924132372006,53.84277322669255,53.84277322669255,2.4659577460520286,0.03656942111863945,1733.7599999999948,0.03656942111863945,0.02576150342003763,0.9595886775408732,0.04041132245873067,15745.511484285715,17708.214445714286,0.5912988204177156,0.7451944340905948,68809.28400000001,2109.4724047206178,0.10661243991464199,73028.22880944125,64590.33919055878,0.12262719691840346,68424.23327325421,70336.02974820304,-1911.796474948831,0.9728191016496968,64.20491860482434,-53.13672441644303,76000.0,65000.0,-0.09165552631578835,0.062064307692306635,2447.1176110350957,1.0,0.10621034140700605,0.0548604059432246,-0.002618361461522849,44
2026-04-06,69034.18,70351.46,68300.0,68853.66,20281.61044,0,4,15,0,-0.0026149365430282456,-0.002618361461522849,0.0043313820418742505,-0.0020984299856283695,0.030783996435787886,-0.028950680791380634,0.015065444575163886,0.01821080954147076,0.020796420345016237,0.7244248577784392,0.7244248577784392,-0.0004361548768758067,69034.18,0.025435266920256033,67300.42,0.005006835781815329,66964.3,0.0009309289814481332,66797.37,0.011843374134185144,70906.45,0.04392937957609135,0.0007829991662164752,41.73851100902021,41.73851100902021,1.2848781741367714,0.02979449458460126,180.51999999998952,0.02979449458460126,-0.002614936543028206,0.26988583740347455,0.730114162596038,16020.971582857144,17132.965820714286,0.7285265762597006,1.2659413528765373,68556.499,1736.0086041258012,0.17117484285135615,72028.5162082516,65084.481791748396,0.1012892215587483,68465.13105675382,70277.89760121469,-1812.766544460872,0.9742057374176413,40.897783499603975,-58.13214698835509,74672.34,65000.0,-0.07792282925645447,0.05928707692307607,2418.856353104018,1.0,0.16952235307022595,0.08275045600195717,0.043629681945818906,45
2026-04-07,68853.66,72761.0,67732.01,71924.22,23750.49661,1,4,15,0,0.04459545069935267,0.043629681945818906,0.007418650970001521,0.001371132566560359,0.053302595260299235,0.019381280937866396,0.02052071618410274,0.021883728312271106,0.021845225499271693,0.9393684329520177,0.9393684329520177,0.0003977177654103169,68853.66,-0.002618361461522849,69034.18,0.025435266920256033,67300.42,0.005006835781815329,68284.48,0.02201879944892802,70556.74,-0.004944193784823292,-0.000139565461228718,54.51471471863007,54.51471471863007,2.905775774377816,0.06992067484360533,3070.5599999999977,0.06992067484360533,0.04459545069935211,0.8336087365453437,0.16639126345445734,16255.984438571428,17350.685404285712,0.17103603189017758,1.461030963688947,68590.383,1796.8254644089086,1.8554039143110972,72184.03392881782,64996.73207118218,0.10478585398240939,68794.56809896773,70342.45926391215,-1547.8911649444199,0.9779949239599657,329.4370422139182,64.56166269746609,72761.0,65000.0,-0.011500391693352032,0.10652646153845992,2605.294470739446,1.0,0.9522522867717637,0.42038712216537605,-0.011948742855087834,46
2026-04-08,71924.22,72857.0,70707.23,71069.93,19802.68627,2,4,15,0,-0.011877640105099618,-0.011948742855087834,0.0060689606200002005,-0.00026744403856286447,0.04339803082835347,-0.003737215701408614,0.021565966064097764,0.021966670849761265,0.02104325022038472,1.0248400229716732,1.0248400229716732,-8.05966669907915e-05,71924.22,0.043629681945818906,68853.66,-0.002618361461522849,69034.18,0.025435266920256033,68113.92,-0.0025009104050785873,71336.53,0.010991329616637294,0.001893442282115906,49.124132674471184,49.124132674471184,2.1318906242228266,0.030248657906374384,854.2900000000081,0.030248657906374384,-0.011877640105099454,0.1687157230772723,0.8312842769222625,16367.769634285713,17499.484376428572,-0.16622011761799538,1.2098585642675423,68647.3795,1858.574168262108,1.3034456958281853,72364.52783652421,64930.23116347578,0.10829687494550794,69011.26923239938,70370.98752807247,-1359.718295673083,0.9806778568350821,216.7011334316485,28.528264160311664,72857.0,65000.0,-0.024528459859724974,0.09338353846153692,2572.7570085437715,1.0,0.8626075662921431,0.33300771535397006,0.010052591375903568,47
2026-04-09,71069.93,73145.0,70466.0,71787.97,18158.42159,3,4,15,0,0.010103288409036182,0.010052591375903568,0.010069742955518754,0.003015572029007687,0.0730319083184221,0.04312186329878487,0.018785285850509443,0.019529450936073944,0.020751073278563136,0.9052681127894932,0.9052681127894932,0.0008100565284742658,71069.93,-0.011948742855087834,71924.22,0.043629681945818906,68853.66,-0.002618361461522849,66901.99,-0.01795288497272631,68820.31,-0.03590963357008416,-0.0008726394927131758,61.056015116522104,61.056015116522104,4.459037298278036,0.03731823033859242,718.0400000000081,0.03731823033859242,0.010103288409035974,0.493456513624303,0.5065434863753238,16075.61855285714,17309.33894142857,-0.0830324056838172,1.1295628550959584,68711.24149999999,1945.8637284148817,1.581163395498801,72602.96895682975,64819.514043170224,0.11327775111819818,69275.71692455182,70426.55546814806,-1150.838543596241,0.983659025548712,264.44769215243286,55.56794007559074,73145.0,65000.0,-0.018552600998017366,0.10443030769230612,2580.3457936477876,1.0,0.9187833869423306,0.37147128862568324,0.01623143839049557,48
2026-04-10,71787.98,73434.0,71426.15,72962.7,17372.63288,4,4,15,0,0.01636388380950171,0.01623143839049557,0.012255530013954102,0.006724404473825627,0.08957608755710122,0.0987153818075368,0.01843152508267237,0.016271690964547954,0.020936280040709368,0.8803628995442577,0.8803628995442577,0.0018194750358311944,71787.97,0.010052591375903568,71069.93,-0.011948742855087834,71924.22,0.043629681945818906,66964.3,0.0009309289814481332,66407.28,-0.035692215836955574,0.0009004718052636987,76.90458288452199,76.90458288452199,6.888811650006289,0.027518855524808955,1174.7200000000012,0.027518855524808955,0.016363742230941513,0.7652713101074449,0.23472868989205709,16924.690205714283,16507.120177857145,-0.04327406465949335,1.0264668167535174,68913.47050000001,2166.1935647132004,1.8692833207332638,73245.8576294264,64581.08337057361,0.12573411549274202,69626.8581698326,70526.01211645597,-899.1539466233662,0.9872507473534782,351.14124528078537,99.45664830791065,73434.0,65000.0,-0.006418008007190082,0.122503076923075,2539.4532369586605,1.0,0.953529106399493,0.4537349373320005,0.0011021476555086477,49
2026-04-11,72962.71,73790.0,72513.09,73043.16,9070.94374,5,4,15,0,0.0011027552434326182,0.0011021476555086477,0.011697717424481719,0.006835674029802458,0.0853299281044606,0.1004282656214055,0.018743901172589922,0.016224071974130835,0.020924767769820524,0.8957757850889118,0.8957757850889118,0.0018824174857422346,72962.7,0.01623143839049557,71787.97,0.010052591375903568,71069.93,-0.011948742855087834,67300.42,0.005006835781815329,66377.03,-0.00045562612816699334,0.0013850274708929688,77.24666126585527,77.24666126585527,6.591452052125052,0.017481582122131432,80.44999999999709,0.017481582122131432,0.001102618035980242,0.41511931146250747,0.5848806885367094,17167.179864285714,16336.301982857143,-0.47786016071042425,0.5283886935250499,69172.67850000001,2336.8236226266513,1.656300228447629,73846.32574525331,64499.031254746704,0.1351298618645579,69952.22024889616,70624.72379816357,-672.5035492674069,0.9904777886113887,325.3620790635614,98.71168170760211,73790.0,65000.0,-0.010121154627998188,0.12374092307692124,2449.2715771758994,1.0,0.9297171198038574,0.42435438214978033,-0.0320254620862258,50
2026-04-12,73043.16,73137.24,70505.88,70740.98,13472.46801,6,4,15,0,-0.03151807780495819,-0.0320254620862258,0.003489041852127172,0.004943193060979854,0.024723984553738587,0.07165555764780174,0.023661933792551063,0.019072706753122445,0.021761419336043027,1.0873340722783729,1.0873340722783729,0.0016955090609306106,73043.16,0.0011021476555086477,72962.7,0.01623143839049557,71787.97,0.010052591375903568,69034.18,0.025435266920256033,66010.93,-0.005530728522709364,2.7249481610735002e-05,66.69153314162857,66.69153314162857,1.6488804352587698,0.03719710979406793,2302.1800000000076,0.03719710979406793,-0.031518077804957724,0.08934543354003324,0.9106545664595868,17415.608505714285,16580.559995,0.4852333336156265,0.7735858328222489,69164.405,2330.6469080120673,0.6764538182851839,73825.69881602413,64503.11118397587,0.1347888069310815,70027.34022519177,70629.28286490226,-601.9426397104835,0.9914774352039952,75.11997629560938,4.559066738685942,73790.0,65000.0,-0.04132023309391466,0.08832276923076782,2462.2778930919067,1.0,0.5892091693324888,0.22473335820457718,0.050672676455567146,51
2026-04-13,70741.56,74900.0,70566.99,74417.99,24230.21625,0,4,16,0,0.0519784995910435,0.050672676455567146,0.011102047268854314,0.007716714655364284,0.08081385942301389,0.11408562941924227,0.029276306414482336,0.022642480670340078,0.02365032531170694,1.2378817115935745,1.2378817115935745,0.0033400058443668174,70740.98,-0.0320254620862258,73043.16,0.0011021476555086477,72962.7,0.01623143839049557,68853.66,-0.002618361461522849,66797.37,0.011843374134185144,-0.002588101190993313,72.33530954448983,72.33530954448983,5.845695536848596,0.058225302779609286,3676.4300000000076,0.058225302779609286,0.051969874568781854,0.888758622758571,0.11124137724119816,17979.695050000002,17000.333316428572,0.7984987035794047,1.3476433378105959,69357.4675,2596.784258397633,1.9487650865230886,74551.03601679526,64163.89898320473,0.1497623458294578,70445.49734660207,70777.85961529825,-332.3622686961753,0.9953041491999945,418.15712141030235,148.57675039599417,74900.0,65000.0,-0.006435380507342968,0.1448921538461517,2595.901615013913,1.0,0.9602232147175263,0.4537126252449512,-0.00385649602156905,52
2026-04-14,74418.0,76038.0,73795.47,74131.55,26532.94456,1,4,16,0,-0.0038490692909066704,-0.00385649602156905,0.0043183075592274625,0.005868479264614494,0.030689661980345395,0.08562809587185849,0.025775278311480233,0.02244040147879426,0.023337035970732382,1.1044794737140673,1.1044794737140673,0.002207088002379264,74417.99,0.050672676455567146,70740.98,-0.0320254620862258,73043.16,0.0011021476555086477,71924.22,0.043629681945818906,68284.48,0.02201879944892802,0.0015551273120607623,68.43465282286375,68.43465282286375,2.1002363628759784,0.030250682738995317,286.4499999999971,0.030250682738995317,-0.003849203149775501,0.14986644548784278,0.8501335545117114,18377.187614285715,17316.586026428573,0.09503540068487837,1.443797882292548,69497.2185,2777.797780772741,1.6683473260998616,75052.81406154549,63941.62293845452,0.15987965220638015,70796.54998025902,70909.37688528656,-112.82690502754122,0.998408857756414,351.05263365694555,131.51726998831145,76038.0,65000.0,-0.0250723322549248,0.1404853846153825,2570.660785370062,1.0,0.9313328454729869,0.3226502894333351,0.009110214548757956,53
2026-04-15,74131.55,75425.0,73514.0,74809.99,14425.04167,2,4,16,0,0.009151838859432937,0.009110214548757956,0.007326730045491147,0.006697845332745674,0.05262506942106193,0.09830692463449475,0.024769541223812957,0.02232153725758511,0.022820304129895275,1.085416741048047,1.085416741048047,0.002435017422320391,74131.55,-0.00385649602156905,74417.99,0.050672676455567146,70740.98,-0.0320254620862258,71069.93,-0.011948742855087834,68113.92,-0.0025009104050785873,-0.0002029483708571204,70.45627151072469,70.45627151072469,3.707766179401075,0.025544716688238753,678.4400000000023,0.025544716688238753,0.009151838859432902,0.6781737310305218,0.32182626896895494,17608.95267142857,16988.361152857142,-0.45633468470187766,0.8191879403142783,69796.7025,3013.8327781220423,1.663425899535868,75824.36805624409,63769.03694375591,0.1727206398108564,71178.7823630915,71062.3421054714,116.44025762009551,1.0016385648737312,382.2323828324734,152.96522018483665,76038.0,65000.0,-0.016149951340119133,0.15092292307692085,2523.542157843629,1.0,0.9306771701739537,0.3806897661175186,0.004591768185657028,54
2026-04-16,74809.99,75534.76,73309.85,75154.29,17088.68777,3,4,16,0,0.004602326507462173,0.004591768185657028,0.0065466124468844976,0.008308177701201628,0.046892536451441647,0.12334909619280365,0.024755371964947783,0.021190955987588193,0.022699061535370147,1.0905900596719997,1.0905900596719997,0.0030535527577929787,74809.99,0.009110214548757956,74131.55,-0.00385649602156905,74417.99,0.050672676455567146,71787.97,0.010052591375903568,66901.99,-0.01795288497272631,0.00042720106780808645,76.6217653085023,76.6217653085023,3.592988922702751,0.029604564157281764,344.29999999998836,0.029604564157281764,0.004602326507462222,0.8289953301478118,0.17100466985173873,17456.133554285712,16765.87605357143,0.1846543088703605,0.9789503338099473,70234.053,3128.566360885472,1.5726810405919778,76491.18572177095,63976.92027822905,0.17817945724336479,71557.40213803516,71222.81065035488,334.59148768028535,1.0046978135884281,378.61977494366874,160.4685448834789,76038.0,65000.0,-0.011621952181803766,0.15621984615384366,2502.2112894262264,1.0,0.9174511708510855,0.4126135247901157,0.025196849489872067,55
2026-04-17,75154.28,78333.0,74529.4,77072.0,25941.36694,4,4,16,0,0.02551697314950352,0.025196849489872067,0.007827385461081141,0.010041457737517622,0.05632055831267224,0.15094162113245413,0.02555883238837362,0.02153080048569945,0.021998482862383376,1.161845177525089,1.161845177525089,0.003857891594953789,75154.29,0.004591768185657028,74809.99,0.009110214548757956,74131.55,-0.00385649602156905,72962.7,0.01623143839049557,66964.3,0.0009309289814481332,0.0002586109478585699,79.12116469670748,79.12116469670748,4.456148170067458,0.04935125596844452,1917.7200000000012,0.04935125596844452,0.025517109604402777,0.6684719739192695,0.3315280260804676,18680.23842,17802.46431285714,0.5180432394312509,1.3887064156646138,70768.8015,3341.386377901235,1.8864021657852172,77451.57425580246,64086.02874419753,0.18886211477814477,72082.60193441277,71452.19062485077,630.4113095619978,1.0088228408961017,525.1997963776084,229.37997449589602,78333.0,65000.0,-0.01609794084230125,0.18572307692307408,2595.1676258957823,1.0,0.9550580861780918,0.38085916588109564,-0.01807074609568446,56
2026-04-18,77072.01,77420.08,75445.16,75691.76,9141.84456,5,4,16,0,-0.017908449242267088,-0.01807074609568446,0.005088400639482127,0.008393059031981924,0.03626075323137701,0.12468480880208466,0.027363277118433893,0.022792352520162817,0.021979365578957417,1.2449529434861384,1.2449529434861384,0.003411784975710388,77072.0,0.025196849489872067,75154.29,0.004591768185657028,74809.99,0.009110214548757956,73043.16,0.0011021476555086477,67300.42,0.005006835781815329,0.0009136567415603987,72.80419030055309,72.80419030055309,2.639934778698567,0.02609161155718895,1380.25,0.02609161155718895,-0.017908576667456606,0.12486581734949599,0.8751341826499976,18690.367108571427,17928.77348642857,-0.6475958810827415,0.48912065273490796,71252.84300000001,3316.979057657419,1.3382408881211285,77886.80111531484,64618.88488468517,0.18620893808587374,72426.3312739925,71618.44824740564,807.8830265868601,1.0112803760253926,343.72933957973146,166.25762255486916,78333.0,65712.12,-0.03371810092808869,0.15186909203355253,2550.864224046083,1.0,0.871249082084952,0.2620328423656142,-0.025286317737347935,57
2026-04-19,75691.76,76240.66,73762.9,73801.79,11369.82232,6,4,16,0,-0.024969296525804152,-0.025286317737347935,0.00605113554646468,0.004770088699295926,0.04326784842392617,0.06906158659377137,0.02592035978564094,0.023880291371218564,0.022529882021198874,1.1504879879425869,1.1504879879425869,0.001790101171877751,75691.76,-0.01807074609568446,77072.0,0.025196849489872067,75154.29,0.004591768185657028,70740.98,-0.0320254620862258,69034.18,0.025435266920256033,-0.0007818823029753308,62.847314104212955,62.847314104212955,2.7192680605119635,0.03357316943125602,1889.9700000000012,0.03357316943125602,-0.024969296525803816,0.015695628309434155,0.9843043716901623,18389.989152857142,17902.79882928571,0.2437120589151649,0.6182615022496041,71603.06399999998,3189.105199433982,0.6894491910738978,77981.27439886794,65224.85360113202,0.17815467781847644,72557.32734313607,71704.06949260543,853.2578505306446,1.0118997130367562,130.9960691435699,85.62124519978533,78333.0,65712.12,-0.05784548019353208,0.12310773111565834,2545.6424937570782,1.0,0.5976280346394496,0.14430476579670437,0.027255661894529427,58
2026-04-20,73801.8,76558.62,73724.31,75840.97,16993.41034,0,4,17,0,0.027630495141107048,0.027255661894529427,0.002705847752030719,0.006903947510442517,0.01912145168123991,0.10148058941238558,0.02004745902457623,0.024496079695523077,0.02251832480795797,0.890273068945981,0.890273068945981,0.0020344279580346443,73801.79,-0.025286317737347935,75691.76,-0.01807074609568446,77072.0,0.025196849489872067,74417.99,0.050672676455567146,68853.66,-0.002618361461522849,-0.00048351110281117824,67.1143921561443,67.1143921561443,1.2833246067295,0.03737175302478278,2039.1699999999983,0.03737175302478278,0.02763035589917821,0.7467990445643766,0.2532009554352705,17356.159737142858,17667.927393571426,0.49460649970825576,0.9790996739694933,71980.8885,3222.6931197031263,1.1977812831134205,78426.27473940625,65535.50226059375,0.17908604280165724,72870.05521521835,71866.30088505227,1003.7543301660771,1.0139669680754897,312.72787208227965,162.23139244684717,78333.0,65712.12,-0.03181328431184771,0.15413975382318895,2566.2616013458583,1.0,0.8329766010389882,0.2746664766493272,0.006507965819314458,59
2026-04-21,75840.97,76927.57,74821.57,76336.15,14912.57132,1,4,17,0,0.006529188643024986,0.006507965819314458,0.00418648515787122,0.004252396358549342,0.029739024747222897,0.06134136734468565,0.01986390955205789,0.02210760410142396,0.022245645319407214,0.8929347013275365,0.8929347013275365,0.0012184793727343932,75840.97,0.027255661894529427,73801.79,-0.025286317737347935,75691.76,-0.01807074609568446,74131.55,-0.00385649602156905,71924.22,0.043629681945818906,0.0008105568035833507,62.36654320477527,62.36654320477527,1.8547201717655577,0.027588501646991268,495.179999999993,0.027588501646991268,0.006529188643024825,0.7191737891734417,0.28082621082608356,15696.106417142857,17036.647015714287,-0.12244976013449216,0.9500809260385714,72392.0,3227.8709944270063,1.221904471030112,78847.74198885402,65936.25801114598,0.17835512180500407,73200.15948043566,72041.58908563846,1158.5703947971924,1.0160819661184728,330.1042652173055,175.28820058619021,78333.0,65712.12,-0.025491810603449124,0.1616753499963148,2533.385772678297,1.0,0.8402150605792463,0.312552298155065,0.02384460627844536,60
2026-04-22,76336.14,79472.82,76132.95,78178.23,19737.51225,2,4,17,0,0.02413116197240761,0.02384460627844536,0.006291398262112278,0.006809064153801713,0.04502393330088661,0.10001839033751692,0.02120783431028756,0.02215950246435455,0.02128147943979156,0.9965394263941199,0.9965394263941199,0.002121173450259725,76336.15,0.006507965819314458,75840.97,0.027255661894529427,73801.79,-0.025286317737347935,74809.99,0.009110214548757956,71069.93,-0.011948742855087834,0.000293014218973264,68.87898412612346,68.87898412612346,3.10120278712741,0.04272122814752863,1842.0899999999965,0.04272122814752863,0.024131296133128716,0.6123831167079499,0.38761688329175076,16455.030785714283,17031.99172857143,0.3235485568829455,1.1994819400237318,72955.812,3203.1763870334185,1.6303872684435705,79362.16477406684,66549.45922593317,0.17562282149821723,73674.26143467988,72282.24167051539,1392.0197641644918,1.0192581155757277,474.1019542442227,240.65258487692336,79472.82,66282.0,-0.016289720183579676,0.17947904408436402,2590.991788915562,1.0,0.926116712510673,0.37762283720738243,0.0010131958589200225,61
2026-04-23,78178.22,78662.5,76960.0,78257.48,16970.79501,3,4,17,0,0.001013709315240252,0.0010131958589200225,0.005780173644006991,0.006163393045445746,0.041290922979912326,0.09011969554230315,0.021298570533946,0.02218939678697799,0.021230072647266646,1.0032264083402356,1.0032264083402356,0.0019194206920054827,78178.23,0.02384460627844536,76336.15,0.006507965819314458,75840.97,0.027255661894529427,75154.29,0.004591768185657028,71787.97,0.010052591375903568,0.0009845658013296213,67.78591721521546,67.78591721521546,2.7989430868561747,0.02175510890460539,79.25999999999476,0.02175510890460539,0.001013837357770409,0.7621027900142343,0.23789720998517838,16438.188962857144,16947.16125857143,-0.1401755806383349,1.032400530760735,73520.47099999999,3084.589132180722,1.53570177323731,79689.64926436143,67351.29273563855,0.167822055012715,74110.75844090086,72516.56474225988,1594.193698640971,1.0219838557480772,436.4970062209759,234.3230717444967,79472.82,66611.66,-0.015292523909432126,0.1748315535148023,2527.5280897073076,1.0,0.9113952722407929,0.3820534741294063,-0.010538034574907543,62
2026-04-24,78257.48,78581.93,77264.08,77437.13,12675.14315,4,4,17,0,-0.010482704017558353,-0.010538034574907543,0.0006751902061813325,0.004251287833631238,0.004737518164833032,0.0613248961455648,0.02011891841031705,0.022407394702715345,0.021330108014434464,0.9432168582308802,0.9432168582308802,0.0012337905820737848,78257.48,0.0010131958589200225,78178.23,0.02384460627844536,76336.15,0.006507965819314458,77072.0,0.025196849489872067,72962.7,0.01623143839049557,4.800033786167213e-06,62.54551306885375,62.54551306885375,0.29631050429249645,0.017018321830883636,820.3499999999913,0.017018321830883636,-0.010482704017558204,0.13131236483656922,0.868687635162672,14543.014135714286,16611.626277857144,-0.2531202490790089,0.8715623206933356,74027.3065,2831.1486507614222,1.2043957844042348,79689.60380152286,68365.00919847716,0.15297861206182806,74427.55573224364,72709.52808570067,1718.0276465429633,1.0236286452652663,316.7972913427802,192.96334344078787,79472.82,66611.66,-0.02561492092516632,0.16251614206881854,2441.122511871071,1.0,0.834990505063519,0.30281778673513754,0.0024231589225083856,63
2026-04-25,77437.13,77885.35,77140.23,77625.0,5685.1142,5,4,17,0,0.0024260971448708535,0.0024231589225083856,0.0036028909230660247,0.004345645781274076,0.02554095716627547,0.06272784474275195,0.01834970714749096,0.022395891981248625,0.020044709619685224,0.9154388654266897,0.9154388654266897,0.0011510375810227787,77437.13,-0.010538034574907543,78257.48,0.0010131958589200225,78178.23,0.02384460627844536,75691.76,-0.01807074609568446,73043.16,0.0011021476555086477,-0.0002691514896944435,62.76975730477481,62.76975730477481,1.60319968265876,0.0095989694041868,187.86999999999534,0.0095989694041868,0.0024260971448708504,0.650593193041855,0.3494068069568029,14049.195512857143,16369.781310714287,-0.551475345665031,0.40465763287277584,74456.8475,2681.462953342097,1.1815014994147588,79819.7734066842,69093.92159331581,0.14405460576837123,74732.07423393472,72902.291690183,1829.7825437517167,1.025099108701916,304.51850169108366,192.76360448233027,79472.82,67732.01,-0.023250968066818107,0.14606077687639654,2319.979475308852,1.0,0.8279244816980622,0.31077873040866194,0.013214079557603819,64
2026-04-26,77625.0,78961.0,77326.51,78657.55,7963.56162,6,4,17,0,0.01330177133655397,0.013214079557603819,0.009102947679487704,0.007577041612976192,0.06579461013073007,0.11190924977290395,0.013331070937655377,0.019865107548944445,0.018643985100875567,0.7150333016515883,0.7150333016515883,0.0014918701473023764,77625.0,0.0024231589225083856,77437.13,-0.010538034574907543,78257.48,0.0010131958589200225,73801.79,-0.025286317737347935,70740.98,-0.0320254620862258,0.0001594307965912392,73.7441491202141,73.7441491202141,4.851967540786908,0.020779823424451744,1032.550000000003,0.020779823424451744,0.013301771336553811,0.8143457592271531,0.18565424077223505,13562.58684142857,15976.287997142857,0.4007742570940791,0.5871712906326797,74947.04199999999,2492.7157691490406,1.4885403486115125,79932.47353829807,69961.6104617019,0.13303878059118115,75105.92906879808,73127.98809448956,1977.940974308527,1.027047660216657,373.85483486336307,225.69640430655272,79472.82,67732.01,-0.010258475790842627,0.16130541526819958,2271.0159413582205,1.0,0.9030558058558126,0.4112042950144373,-0.01648745051910991,65
2026-04-27,78657.55,79485.66,76459.64,77371.32,16046.92418,0,4,18,0,-0.016352276418474698,-0.01648745051910991,0.0028539316203963707,0.0027798896862135454,0.020178407528279374,0.039685699654075535,0.013652232715512988,0.01647791337535883,0.01905016148611735,0.7166465233806767,0.7166465233806767,0.0005417984071553924,78657.55,0.013214079557603819,77625.0,0.0024231589225083856,77437.13,-0.010538034574907543,75840.97,0.027255661894529427,74417.99,0.050672676455567146,0.0002666390824244355,60.340943389164366,60.340943389164366,1.2175841463473938,0.03911035768809379,1286.229999999996,0.03911035768809379,-0.016352276418474507,0.3012802294762444,0.6987197705234252,13427.374532857144,15391.767135,1.0150436382257815,1.1950902345601184,75219.397,2442.1208671607965,0.8811697360831074,80103.63873432159,70335.1552656784,0.12986654850002394,75321.6805860554,73294.39326725468,2027.2873188007216,1.0276595143015586,215.75151725731848,166.405172765124,79485.66,70466.0,-0.026600269784511694,0.09799506144807295,2324.9448026897767,1.0,0.7070048410256405,0.2871195328858939,-0.013382837592731378,66
2026-04-28,77371.32,77478.0,75666.6,76342.77,13210.72383,1,4,18,0,-0.013293685567210223,-0.013382837592731378,1.2388275818393752e-05,0.002099436716844808,8.67216908373436e-05,0.029828325456570104,0.014787725074144213,0.016962608403593416,0.01925423143138137,0.7680246474038895,0.7680246474038895,0.00044109307627385587,77371.32,-0.01648745051910991,78657.55,0.013214079557603819,77625.0,0.0024231589225083856,76336.15,0.006507965819314458,74131.55,-0.00385649602156905,-1.4298195866142498e-06,57.35998775116311,57.35998775116311,0.004974355124190183,0.023727197742497035,1028.550000000003,0.023727197742497035,-0.013293685567210039,0.3732858562435835,0.6267141437558644,13184.253462857143,14440.17994,-0.17674417341205384,1.002007725899417,75483.039,2247.441594538601,0.38253763839238714,79977.9221890772,70988.1558109228,0.11909650826531078,75418.92719690727,73413.93745285254,2004.9897440547356,1.027310750705087,97.24661085187108,119.544185597857,79485.66,70466.0,-0.039540339729203476,0.0833986603468328,2288.263031069078,1.0,0.36490923134544545,0.2020577244698474,-0.00739892610895058,67
2026-04-29,76342.78,77904.93,74937.52,75780.0,18279.93022,2,4,18,0,-0.007371621438415188,-0.00739892610895058,-0.004450973493809597,0.0009202123841513408,-0.03067644278976378,0.012966316397047928,0.010484612973225334,0.017011514200872057,0.019333473302927014,0.5423036133571711,0.5423036133571711,0.0001359468091114331,76342.77,-0.013382837592731378,77371.32,-0.01648745051910991,78657.55,0.013214079557603819,78178.23,0.02384460627844536,74809.99,0.009110214548757956,0.00041053785177812415,53.25370667158995,53.25370667158995,-1.6336342860538908,0.039158221166534044,562.7799999999988,0.039158221166534044,-0.007371751460976289,0.28391088525000424,0.7160891147496588,12976.02745857143,14715.529122142858,0.38371904940503154,1.4087462652465041,75682.64050000001,2072.45997283545,0.04697774686897395,79827.56044567091,71537.7205543291,0.10953423184728465,75453.3150829161,73506.72421940733,1946.590863508769,1.0264818067214836,34.38788600882981,92.78676655479649,79485.66,70505.88,-0.04662048475158861,0.07480397379622693,2336.7735288498575,1.0,0.04694321881598684,0.16997535432218366,0.006437141537311566,68
